Date,Reviewer,Made By,Soup,Full Review Text,Notes,Rating,Photo URL,AI Description of Photo,Time Photo Taken,Latitude,Longitude,City,State,Country
2025-01-12,Vladimir Korshin,The Cafe at MoMA,Butternut Squash Soup,This photo was taken just before the Warhol Campbells. The soup was Brendan's favorite of the weekend. I gave it a 3.,Mixed feeligs. The soup was Brendan's favorite of the weekend.,3,https://drive.google.com/file/d/1EXv7Dx8m9ZALLagSllMYO_gkUr_r_6RU/view?usp=sharing,"A restaurant table mid‑meal with a white handled soup bowl filled with bright orange soup, speckled and topped with green herb oil/chopped herbs, sitting on a saucer. Around it are green tumbler glasses, white cups and saucers (coffee/tea), an amber drink, and a red cocktail with an orange peel. Several plates hold salads (greens with pomegranate/crumbled cheese), a wedge of sandwich/pie with arugula, and an empty plate with crumbs; a rectangular dish is smeared with orange sauce next to a spoon and napkins. Two diners sit at the table, and behind them is an open kitchen/bar with a black‑and‑white marble counter, staff working, and shelves lined with bottles.",2025-01-12 16:15,40.761172,-73.978203,New York,New York,United States
2025-01-12,Vladimir Korshin,Abracadabra Magic Diner,Lentil Soup,Lentil Soup. Abracadabra Magic Diner - New York City NY. 4 - This lentil soup is a 4. The breakfast is great though.,No good. The breakfast is great though.,4,https://drive.google.com/file/d/1wvgYU3vfTeh25z6RTXqX98h8LJyd7iex/view?usp=sharing,"A patterned bowl of thick, golden lentil soup sits on a plate with pieces of flatbread around it on a diner table, with coffee and breakfast plates nearby as two diners sip from mugs in a cozy, colorful interior.",2025-01-12 11:29,40.705463,-73.90982,New York City,New York,USA
2025-01-17,Drew Edmond,Little Ruby’s Cafe,Butternut Squash Soup,Butternut squash soup from Little Ruby’s Cafe a few days ago. 7.5,None,7.5,https://drive.google.com/file/d/1-bPkQ1urmPSP9hG0E0c_X8GoYlRmAieu/view?usp=sharing,"A speckled ceramic bowl holds bright orange butternut-squash soup topped with a white cream swirl, chopped green herbs, and scattered pumpkin seeds, with a few spots of reddish oil or spice. Two toasted slices of rustic bread rest on the plate beside the bowl. On the table are a tall glass carafe of water, a small lit candle in a glass holder, a blue tumbler, a small speckled vase with a thistle-like dried flower and small pale berries/foliage, and a stemmed glass of red wine. White napkins and cutlery are partly visible around the setting.",2025-01-14 18:49,40.734062,-74.002625,New York,New York,United States
2025-01-18,Drew Edmond,Pho 6,Pho 6 Special,"Pho 6 Special from Pho 6 in Mahopac, NY. 7.25",None,7.25,https://drive.google.com/file/d/1ad8RqHwUleF1077Qj0xD4Os0SNvM8otU/view?usp=sharing,"A white ceramic bowl of pho-style noodle soup on a wooden table. The broth is clear to light brown and topped with lots of fresh green herbs (cilantro and scallions), thin white onion slices, and a few round meatballs or fish balls partially submerged. Small bubbles and a light sheen of oil dot the surface. The bowl sits by itself on the table; a folded napkin or paper is visible off to the side, and a booth backrest is in the background.",2025-01-17 21:22,41.37569,-73.727399,Mahopac,New York,United States
2025-01-18,Vladimir Korshin,Legal Sea Foods,Clam Chowder,Clam Chowder – Legal Seafood Boston Logan Terminal B – 8,None,8,https://drive.google.com/file/d/1C0LFhVTX9jZtxJG2a12Mhd6xkFae33BO/view?usp=sharing,"A white enamel mug with a blue rim filled with creamy clam chowder, with small dark flecks and visible pieces near the surface. A metal spoon rests in the mug, which sits on a matching saucer with a napkin underneath. On the table are a clear glass of water with ice, a packet of oyster crackers, and additional cutlery and cups partially visible in the background on a light-colored tabletop.",2025-01-18 07:59,42.361847,-71.020758,Boston,Massachusetts,United States
2025-01-22,Vladimir Korshin,Dai Smokehouse,Smoked Steak Ramen,Smoked steak ramen – Dai Smokehouse – 4. Steak was good. Ramen and noodles weren’t quite right. Didn’t finish it.,Steak was good. Ramen and noodles weren't quite right. Didn't finish it.,4,https://drive.google.com/file/d/15veh5XW9dSODzQeqg6foHETHNv-OtNR4/view?usp=sharing,"A top-down of a large blue-and-white patterned bowl of ramen on a wooden table. The soup has a dark broth with noodles, a sheet of seaweed, leafy greens, and several pale cubes (likely tofu) floating near the surface. A pair of black chopsticks rests in the bowl. Around it are a white tabletop area with a glass of water and a small bowl/plate partly visible, and a patterned cloth or bag in the background.",2025-01-22 19:01,20.846117,-86.877937,Puerto Morales,Quintana Roo,Mexico
2025-01-22,Vladimir Korshin,Lola Y Moya Restaurant,Traditional Mexican Chicken Soup,"Top – ""Traditional Mexican"" Chicken Soup – 6.25",None,6.25,https://drive.google.com/file/d/1VIWGSUxXTeiF71x16ITueF9NobIlfSpk/view?usp=sharing,"Two bowls of soup on a light-colored table in a casual restaurant. In the foreground is a large white bowl filled with a deep red, brothy stew (pozole) with shredded meat pieces and oil on the surface, with a knife resting on the table beside it. Behind it is a second white bowl of lighter orange-brown chicken soup with visible vegetables and chunks (potato/carrots/cabbage). On the table are condiments and sides: a small bowl of red salsa, lime wedges, shredded cabbage or lettuce on a plate, and a basket or bowl of tortilla chips. A dark teal napkin holder or decoration with a flower design sits near the center, and crumpled napkins and diners’ arms are partially visible.",2025-01-20 20:30,20.846062,-86.877272,Puerto Morales,Quintana Roo,Mexico
2025-01-22,Vladimir Korshin,Lola Y Moya Restaurant,Chicken And Pork Pozole,Bottom – Chicken and Pork Pozole – 7. Lola Y Moya Restaurant in Puerto Morales.,None,7,https://drive.google.com/file/d/1VIWGSUxXTeiF71x16ITueF9NobIlfSpk/view?usp=sharing,"Two bowls of soup on a light-colored table in a casual restaurant. In the foreground is a large white bowl filled with a deep red, brothy stew (pozole) with shredded meat pieces and oil on the surface, with a knife resting on the table beside it. Behind it is a second white bowl of lighter orange-brown chicken soup with visible vegetables and chunks (potato/carrots/cabbage). On the table are condiments and sides: a small bowl of red salsa, lime wedges, shredded cabbage or lettuce on a plate, and a basket or bowl of tortilla chips. A dark teal napkin holder or decoration with a flower design sits near the center, and crumpled napkins and diners’ arms are partially visible.",2025-01-20 20:30,20.846062,-86.877272,Puerto Morales,Quintana Roo,Mexico
2025-01-29,Drew Edmond,Fan Szechuan,Braised Beef Noodle Soup,"Coincidentally my soup also came with peanuts. Braised beef noodle soup at Fan Szechuan. 6.6. Enjoyable but pretty basic. Good heat, especially when you accidentally breathe it into your lungs. ","Coincidentally my soup also came with peanuts. Enjoyable but pretty basic. Good heat, especially when you accidentally breathe it into your lungs.",6.6,https://drive.google.com/file/d/1Sfh6pWSvnULoVF3G6306kDrWOTwC1k6b/view?usp=sharing,"A large white bowl of noodle soup on a dark tabletop. The broth is red-orange with chili oil, and long wheat noodles are piled in the center. Chunks of braised beef or similar meat sit around the noodles. A pair of black chopsticks rests in the bowl and a metal soup spoon is tucked in on the left. In the background are a water glass and a small rectangular divided dish holding side items—one section with peanuts or chili topping and another with pale pickled vegetables.",2025-01-29 14:06,40.718997,-73.987595,New York,New York,United States
2025-01-29,Vladimir Korshin,Bella Pozina’s Kitchen,Russian Chicken And Mushroom Soup,Russian chicken and mushroom soup – Bella Pozina's kitchen – 7,None,7,https://drive.google.com/file/d/1SfBntUzGkCaJuMLAsne7ocv3nnz-ZSLc/view?usp=sharing,"A large black bowl filled with a dark, clear broth soup containing shredded pieces of chicken, sliced mushrooms, and chunky vegetables (including potato-like pieces and carrot rounds). The bowl sits on a wooden table with a blue-and-white patterned placemat underneath. In the background are a water glass and a glass containing peanuts or beans, and part of a plate is visible at the edge of the table.",2025-01-27 22:56,47.680333,-122.283692,Seattle,Washington,United States
2025-01-29,Vladimir Korshin,Bella Pozina’s Kitchen,Russian Chicken And Mushroom Soup With Mayonnaise,"Same soup but with a dollop of mayonnaise: 7.5. This soup can be a 9+ when executed perfectly, but something wasn’t quite hitting this time. Still very good, though.","This soup can be a 9+ when executed perfectly, but something wasn't quite hitting this time. Still very good, though.",7.5,https://drive.google.com/file/d/1AAUB322m4Dv_3JuuWE99PmvSL-u-JDDH/view?usp=sharing,"A close-up of a large black bowl filled with a creamy beige soup containing sliced mushrooms, shredded chicken, and chunky vegetables (potato-like pieces and small bits of carrot). The surface has small bubbles and flecks, with ingredients distributed throughout. The bowl sits on a wooden table with a blue-and-white patterned placemat; a water glass, another glass, and a plate are partially visible in the background.",2025-01-27 23:00,47.680313,-122.283683,Seattle,Washington,United States
2025-01-31,Drew Edmond,Go to Greek,Avgolemono Soup,"I don’t have a personal picture because I ate it right out of the to go container like a rube. But this appears accurate from DoorDash. This is avgolemono soup from Go To Greek. I’m giving it a 6.7, but I bet the number would go up if I was at the restaurant and ate it out of a real bowl. Chicken was perfect, a nice hint of lemon, egg droppy eggs. It could use a dash of some fresh herbs to punch it up.","I don't have a personal picture because I ate it right out of the to go container like a rube. Chicken was perfect, a nice hint of lemon, egg droppy eggs. It could use a dash of some fresh herbs to punch it up.",6.7,https://drive.google.com/file/d/1uewo6xt1y7BEoeFTukPIIhQSVFf7AaRz/view?usp=sharing,"A a white bowl filled with pale, creamy soup (avgolemono-style) on a white plate atop a light wood table. Small pieces of chicken or rice are visible beneath the surface, and the soup is garnished with scattered chopped green herbs near the center.",2025-01-31 23:23,41.307729,-73.875237,Cortlandt Manor,New York,United States
2025-01-31,Brendan Incorvaia,Brendan's Home,Homemade Chicken Stock,"Home made chicken stock – 7 (needs salt, but it’s cold and rainy out, and I had leftover leeks in the fridge when I made this).","Needs salt, but it's cold and rainy out, and I had leftover leeks in the fridge when I made this.",7,https://drive.google.com/file/d/1GNi5NsLu4JNGASK0qnrWLp6i3_zgVo9p/view?usp=sharing,"A top-down of a dark ceramic mug with a handle, filled nearly to the rim with clear brown chicken stock or broth. The mug sits on a clean white surface under bright overhead light, casting a soft shadow; the liquid surface is smooth with a slight sheen.",2025-01-31 20:15,37.761069,-122.42251,San Francisco,California,United States
2025-01-31,Vladimir Korshin,Bella Pozina’s Kitchen,Kugel With Chicken Broth,"Kugel with chicken broth at Bella Pozina’s Kitchen – 7. Very good kugel, but the broth was too salty.","Very good kugel, but the broth was too salty.",7,https://drive.google.com/file/d/128yl_KpqoilKPziczGwsdBAZB-IBgz3M/view?usp=sharing,"A top-down of a black bowl on a blue patterned tablecloth. In the center is a small portion of pale, shredded or torn noodle/egg casserole (kugel) sitting in a shallow pool of clear broth or melted fat, topped with browned, crispy pieces. The bowl is not full—there’s a wide dark rim around the food. Part of a drinking glass and crumbs are visible near the top edge of the frame.",2025-01-31 18:32,47.6804,-122.283822,Seattle,Washington,United States
2025-02-01,Vladimir Korshin,Agua Verde Café,Pozole Verde,Pozole Verde – Agua Verde Café. Overwhelming salt and lemon flavors followed by a confusing mix of mild spices and flavorless chicken. It started as a 4 because I was hungry but I couldn’t eat more than 20% of it.,Overwhelming salt and lemon flavors followed by a confusing mix of mild spices and flavorless chicken. It started as a 4 because I was hungry but I couldn't eat more than 20% of it.,2.5,https://drive.google.com/file/d/1wgJ9_vlQ8NHB_CIGpsj-hA77CVBxZylW/view?usp=sharing,"A large bowl of green pozole or soup on a wooden table, served in a tan-rimmed ceramic bowl on a dark plate. The broth is greenish with chunks of meat and hominy, and it’s topped with fresh garnishes: sliced avocado, chopped lettuce or cilantro, shredded purple cabbage, and thinly sliced radish. In the background are tortilla chips in a paper-lined basket, a small cup of salsa or sauce, and a water glass; napkins and cutlery are partly visible around the table.",2025-02-01 14:32,47.651613,-122.314445,Seattle,Washington,United States
2025-02-03,David Schönstein,Unknown,Wedding Soup,Finally. Wedding Soup. Chicken and meatballs and pasta. 5.5. Kind of watery and probably not doing the dish justice. “The term wedding soup comes from a mistranslation of the Italian language phrase minestra maritata ('married soup'). Minestra maritata more directly translates to 'wedded broths'. The marriage of its meats and vegetables inside of its broth is the only matrimony relevant in this context.[1]” Vlad: I did not know that. In Mexico City there is a popular dish called huevos divorciados (“divorced eggs”).,Kind of watery and probably not doing the dish justice.,5.5,https://drive.google.com/file/d/1CHR9RfpTKmTcpyY1JwEQV3BqL-Y688B2/view?usp=sharing,"A white ceramic bowl containing a light-colored broth soup with visible greens (leafy pieces), small pasta shapes, and chunks of chicken. There are a couple of round meatballs in the soup. The bowl sits on a dark speckled granite countertop under indoor lighting.",2025-02-02 19:40,41.247025,-80.468208,Hermitage,Pennsylvania,United States
2025-02-03,Ilya Kiselev,Unknown,Ramen,7,None,7,https://drive.google.com/file/d/1KZu3QUQWMOoW6P1RiY_y6ulsbQQp39as/view?usp=sharing,"A large blue-and-white ramen bowl filled with creamy, pale-toned broth and noodles. On top are a thick slice of seared chashu-style pork, a halved soft-boiled egg with a bright orange yolk, chopped green onions, and dark strips of mushrooms/seaweed. A black soup spoon rests in the bowl. In the background on the table are a water pitcher and a tall glass with a light-colored drink.",2025-02-02 12:58,42.861212,140.707262,Kutchan,Hokkaido,Japan
2025-02-03,Drew Edmond,Bill Gates Foundation Cafeteria,Pork Vegetable Soup,Pork Vegetable Soup - Bill Gates Foundation Cafeteria. 7.3 Quite nice!,Quite nice!,7.3,https://drive.google.com/file/d/1EMTUWsxyWRjoSlBn9v3hApgrhnj2Xaqg/view?usp=sharing,"A white bowl of reddish-brown soup with an oily orange sheen, speckled with chopped greens and small bits of vegetables and meat. A metal spoon rests in the bowl. The bowl sits on a light wooden cafeteria tray; part of a plate with food is visible at the upper left, and a red drink bottle/cup is in the background on the right.",2025-02-03 12:59,47.623405,-122.346222,Seattle,Washington,United States
2025-02-04,Vladimir Korshin,Costco,Fully Cooked Irish Stew,Fully Cooked Irish Stew – Costco – 6.1,None,6.1,https://drive.google.com/file/d/1DoaWimel_SW79zLM54zG3AtUsAYh1alX/view?usp=sharing,"Close-up of a white bowl filled with a thick, brown stew. The stew contains chunky pieces of potato, carrot, and meat, with specks of herbs throughout. A metal spoon rests in the bowl. The bowl sits on a light wooden table.",2025-02-04 10:54,43.685937,-70.487642,Gorham,Maine,United States
2025-02-04,Rick Fulton,Unknown,Noodle Soup,I had pho the other day and it was 6.5 out of 10. I’m not going to tell you anything else about it though. This is all I can share; the rest is up to your imagination.,I'm not going to tell you anything else about it though. This is all I can share; the rest is up to your imagination.,6.5,https://drive.google.com/file/d/15AxVDzRNJCxNZYW2ZUfR_rlKRZ7xizwC/view?usp=sharing,"A stylized overhead food of a blue bowl of noodle soup on a tabletop, surrounded by small bowls of spices/seasonings, green onions, herbs, lime halves, chopsticks and wooden spoons, a small cup of red sauce, and a bread roll. A large glowing question-mark icon is overlaid in the center of the soup.",Unknown,,,Unknown,Unknown,Unknown
2025-02-09,David Schönstein,Apteka,Barszcz Ukraiński (Ukrainian Beet Borscht),"Barszcz Ukraiński (Ukrainian beet borscht) at Apteka (Pittsburgh). I finally got it in a Polish restaurant in Pittsburgh—out back in a heated tent, pouring rain. 7.5 at the very least.","I finally got it in a Polish restaurant in Pittsburgh—out back in a heated tent, pouring rain.",7.5,https://drive.google.com/file/d/1RZejmw8hagIRF9lv1q2DhcDUNnwpGs4h/view?usp=sharing,"Deep ruby-red beet borscht in a white enamel bowl with a dark rim, topped with a swirl of sour cream and a scatter of dill; served alongside a slice of dark bread on a small plate.",2025-02-08 17:41,40.465512,-79.949342,Pittsburgh,Pennsylvania,United States
2025-02-25,Rick Fulton,Rick's Home,Lentil Soup,"It’s lentil soup — lentil soup with avocado and cashews and tomatoes and olives, plus some cashew butter. 10/10. Bridget made it. The perfect soup. Rick: “Secret ingredient? It was love.”","Lentil soup with avocado and cashews and tomatoes and olives, plus some cashew butter. Bridget made it. The perfect soup. Rick: ""Secret ingredient? It was love.""",10,https://drive.google.com/file/d/1XbTWLYB0poMG5NfxSAoykAratNvPQjXV/view?usp=sharing,"A thick, brown, hearty stew in a large white bowl with cherry tomatoes, chunks of avocado, green olives, cashews, carrots, and mixed vegetables; a spoon rests in the bowl.",2025-02-25 19:45,37.74992,-122.442262,San Francisco,California,United States
2025-02-28,Drew Edmond,Panchos and Gringos,Tortilla Soup,Tortilla Soup — Panchos and Gringos (Lake Peekskill) — 6.4.,None,6.4,https://drive.google.com/file/d/1-ecwmnesBL91QsqhjcXs5hmGm4rnSE2l/view?usp=sharing,"Bowl of clear-broth soup topped with crispy tortilla strips, cilantro, diced onion, and a sprinkle of crumbled cheese, served on a white plate with a spoon on a dark table; a Corona beer and water glass nearby.",2025-02-28 21:38,41.333397,-73.875175,Peekskill,New York,United States
2025-03-01,Drew Edmond,Lupe's East LA Kitchen,Chile Verde Soup,Chile Verde Soup — Lupe's East LA Kitchen — 8.3. Fantastic.,Fantastic.,8.3,https://drive.google.com/file/d/1Bzhyq3jqTndn_d920h7D59QYt8fPL-PL/view?usp=sharing,"A white bowl filled with dark green soup with visible chunks, set on a plate with a folded tortilla on the side.",2025-03-01 16:05,40.723663,-74.004714,Los Angeles,California,United States
2025-03-01,Vladimir Korshin,Little Pig,Tomkhagai,TomKhaGai — Little Pig (Portland) — 8.3. Best Tom Yum–type soup I've had in accessible memory.,Best Tom Yum–type soup I've had in accessible memory.,8.3,https://drive.google.com/file/d/1q9LFuQRP8tKSl1q0LBQIIREZ-65k88k9/view?usp=sharing,"Creamy pale soup with shredded chicken and sliced scallions, topped with a large green leaf, served in a black bowl on a wooden countertop.",2025-03-01 20:20,43.685938,-70.487617,Portland,Maine,United States
2025-03-01,Vladimir Korshin,Unknown,Unrated Soup Confession,"Unrated Soup Confession. Vlad reports that in recent weeks he’s had 3 bowls of pho, 2 bowls of miso, 1 bowl of kimchi dumpling soup, and 1 cup of noodles—none photographed or rated.","Vlad reports that in recent weeks he's had 3 bowls of pho, 2 bowls of miso, 1 bowl of kimchi dumpling soup, and 1 cup of noodles—none photographed or rated.",,,No visual provided for this entry.,Unknown,,,Unknown,Unknown,Unknown
2025-03-02,David Schönstein,Le Crocodile,French Onion Soup,"French Onion Soup (Finally) — Le Crocodile — 7. (It's a 10 of onion soups, but in the expanse of soups it's just a 7.)","It's a 10 of onion soups, but in the expanse of soups it's just a 7.",7,https://drive.google.com/file/d/1ng4c5uGITJyWeLOkpXJvMFxzBWWvUyUF/view?usp=sharing,"A white ramekin of onion soup with a bubbling, browned cheese crust, served on a room-service tray with sliced baguette and a small dish of butter.",2025-03-02 17:52,40.722053,-73.957787,Brooklyn,New York,United States
2025-03-06,Vladimir Korshin,Vladimir's Home,Homemade Chicken Noodle Soup,Homemade chicken noodle soup. Johanna's Kitchen - Gorham ME. 6.5 - slightly oversalted but otherwise nice and delicate,Slightly oversalted but otherwise nice and delicate.,6.5,https://drive.google.com/file/d/1LRMd4bfep_6TzUSBcZ8Y6DTmHWO629cG/view?usp=sharing,"A wide, patterned bowl filled with pale noodles in a light brown broth, seen from above on a dark speckled countertop.",2025-03-23 20:20,43.685855,-70.487587,Gorham,Maine,United States
2025-03-07,Drew Edmond,NY Firehouse Grille,French Onion Soup,French Onion Soup - NY Firehouse Grille - 5.9 - Bland bread; cheese not melted enough; onions were too French,Bland bread; cheese not melted enough; onions were too French.,5.9,https://drive.google.com/file/d/1O6BPRwLJqKLOQyBjxvz-Xu9vQa9p1Knt/view?usp=sharing,"French onion soup in a white handled crock, capped with melted cheese and a sprinkle of herbs, on a small white saucer with a spoon on a dark wooden table.",2025-03-07 18:37,41.270972,-73.9301,Peekskill,New York,United States
2025-03-07,Rick Fulton,Unknown,Kabocha Miso Soup,Kabocha miso soup with mole spiced pepita and chorizo oil drizzle with micro cilantro 7/10,With mole spiced pepita and chorizo oil drizzle with micro cilantro.,7,https://drive.google.com/file/d/1Kg5mJZR1jLgtXwrswfHtOgXt5r89mccX/view?usp=sharing,"A small pale-green bowl of bright orange soup with droplets of oil, topped with toasted nuts and a small tuft of microgreens; a wooden spoon rests across the rim on a dark table.",2025-03-07 00:32,37.779203,-122.423438,San Francisco,California,United States
2025-03-11,Vladimir Korshin,Vladimir's Home,Chicken Leek/Kale/Pasta Soup,Jo made this chicken leek/kale/pasta soup thing a couple nights ago. It was a 7-ish.,Jo made this a couple nights ago. It was a 7-ish.,7,https://drive.google.com/file/d/11Gr1HrJcce58Mu_dCr0dtSboNyFEETj3/view?usp=sharing,"Clear broth with rigatoni tubes, shredded chicken, and dark leafy greens in a black bowl on a wooden table.",2025-03-09 16:31,43.685917,-70.487617,Gorham,Maine,United States
2025-03-17,Drew Edmond,Little Ruby’s,Squash Soup,"Squash soup at Little Ruby’s always hits the spot. I think it’s a solid 7.5 for me. Nothing super complex, but a consistently delicious comfort soup with some roasted pumpkin seeds for texture.","Always hits the spot. Nothing super complex, but a consistently delicious comfort soup with some roasted pumpkin seeds for texture.",7.5,https://drive.google.com/file/d/1rnc5k_8SCEy3RXRY609aE-SbdYvTPcKj/view?usp=sharing,"Smooth orange soup in a wide ceramic bowl, topped with a flower-like swirl of cream, pumpkin seeds, chopped herbs, and a dusting of paprika; served with toasted bread on a restaurant table.",2025-03-17 19:04,40.734178,-74.002747,New York,New York,United States
2025-03-22,Drew Edmond,"Virginia Hotel, Cape May",Squash Soup,"Another squash soup, Virginia Hotel, Cape May. Too sweet. 6",Too sweet.,6,https://drive.google.com/file/d/1aLPs7pKFWGTXTxuINaqGOK1ozJIud_J9/view?usp=sharing,"A smooth orange squash soup served in a wide white bowl, finished with green herb-oil drizzles, a sprinkle of seeds/spice, and small crumbles of white cheese.",2025-03-20 19:07,38.931458,-74.922522,Cape May,New Jersey,United States
2025-03-22,Drew Edmond,Pho 6,Braised Short Ribs Pho,"Braised Short Ribs Pho, Pho 6. 7.1. Good quality pho.",Good quality pho.,7.1,https://drive.google.com/file/d/1kDbezZC5A3bKucH1yGY5jiKVYDbtUliV/view?usp=sharing,"Clear broth with noodles and lots of green herbs, scallions, and sliced jalapeños in a wide white bowl on a wooden table.",2025-03-22 14:18,41.375722,-73.727105,Mahopac,New York,United States
2025-03-23,Vladimir Korshin,Indo-Mie,Indo-Mie Instant Noodles,Indo-Mie instant noodles. Broth: 7.5; Noodles: 3. Total: 6.25 (broth flavor outweighs the noodle texture issues).,Broth flavor outweighs the noodle texture issues.,6.3,https://drive.google.com/file/d/1SdLgjjoJ_g6z618guXl-BGiuIDj4jQ7x/view?usp=sharing,"A shallow bowl of ramen noodles in light brown broth, served in a cream bowl with a dark blue patterned rim on a speckled granite counter.",2025-03-23 20:20,43.685855,-70.487587,Gorham,Maine,United States
2025-03-27,Vladimir Korshin,Fore Street,Haddock Chowder,I tried a 'Haddock Chowder' at Fore Street in Portland tonight. Didn't get a pic unfortunately. It was good but not particularly memorable. I'd give it a generous 6.75.,Didn't get a pic unfortunately. It was good but not particularly memorable.,6.75,None,No visual provided for this entry.,Unknown,,,Unknown,Unknown,Unknown
2025-03-30,Vladimir Korshin,Cafe Degas,Duck Gumbo,"Duck Gumbo — Cafe Degas (New Orleans, Louisiana). Thin broth, little content, weak flavor. Do better.","Thin broth, little content, weak flavor. Do better.",4.6,https://drive.google.com/file/d/1VpR_3InaEyws-66W0y81lnED9ZIKv7VC/view?usp=sharing,"A white ceramic bowl filled with dark brown gumbo sits on a matching saucer lined with a lace paper doily, set on a patterned tablecloth with a fork, bread plate, and water glass blurred in the warm restaurant lighting.",2025-03-29 20:17,29.980383,-90.084197,New Orleans,Louisiana,United States
2025-03-30,Brendan Incorvaia,Mountain Top Cafe,Tortellini Soup,"Tortellini Soup, Mountain Top Cafe, Mountain Top Junction, California. 5.5, yesterdays minestrone with tortellini tossed in. But better than McDonald's for a quick roadside stop, even if I probably got the same amount of sodium.","Yesterday's minestrone with tortellini tossed in. But better than McDonald's for a quick roadside stop, even if I probably got the same amount of sodium.",5.5,https://drive.google.com/file/d/1VKQLeWvWTissn0upQO5jVPbsr90grhuo/view?usp=sharing,"A white bowl of tomato-based tortellini soup sits on a plate on a dark wooden table, topped with a mound of grated parmesan; a spoon rests beside the bowl, a packet of Zesta crackers is tucked against the plate, and a bright blue plastic cup is visible in the background.",2025-03-30 16:22,34.390151,-117.575214,Phelan,California,United States
2025-03-30,Drew Edmond,Cafe Degas,French Onion Soup,"French Onion Soup. 6.4. Cafe Degas New Orleans, LA. A fine soup. Generally bad food at this restaurant.",A fine soup. Generally bad food at this restaurant.,6.4,https://drive.google.com/file/d/1ufBPoAHESkm7o6LAmLctx0KVUD5DOfjs/view?usp=sharing,"A deep brown crock of French onion soup capped with a golden, puffed pastry crust, set on a white plate on a dimly lit table.",2025-03-29 20:17,29.980383,-90.084228,New Orleans,Louisiana,United States
2025-03-30,Vladimir Korshin,Fore Street,Haddock Chowder,"Haddock Chowder — Fore Street (Portland, Maine). Nice, clean, simple fish chowder.","Nice, clean, simple fish chowder.",6.75,None,No visual provided for this entry.,Unknown,43.659449,-70.250271,Portland,Maine,United States
2025-03-30,Vladimir Korshin,Red Envelope,Steak Pho,"Steak Pho — Red Envelope (Bath, Maine). Solid, down the middle yummy pho.","Solid, down the middle yummy pho.",7,None,No visual provided for this entry.,Unknown,43.912372,-69.815683,Bath,Maine,United States
2025-03-30,Vladimir Korshin,City Farmhouse Kitchen,Fish Chowder,"Fish Chowder — City Farmhouse Kitchen, South Portland. 7 - fresh, tasty, a bit rich on cream","Fresh, tasty, a bit rich on cream.",7,https://drive.google.com/file/d/18X5xzyG_CIakVLwv7EBE76KBWwp4X-CM/view?usp=sharing,"A takeout cup of pale, creamy fish chowder with chunky pieces sits on a dark speckled granite countertop, with the plastic lid set beside it and part of a phone visible at the edge of the frame.",2025-03-30 18:56,43.685855,-70.487587,South Portland,Maine,United States
2025-03-30,Vladimir Korshin,Oishi,Miso Soup,"Miso Soup — Oishi (Scarborough, Maine). Rich seaweed flavor.",Rich seaweed flavor.,7.25,None,No visual provided for this entry.,Unknown,43.589119,-70.343305,Scarborough,Maine,United States
2025-03-30,Drew Edmond,The Court of Two Sisters,Turtle Soup,"Turtle Soup. 7.3. The Court of Two Sisters. New Orleans, LA. A delightful, punchy turtle soup.","A delightful, punchy turtle soup.",7.3,https://drive.google.com/file/d/1SkYcIRAHMVDvmeDm0QmLvHv43RNF1qGI/view?usp=sharing,"A shallow bowl holding a small portion of reddish-brown soup with fine herbs and tiny bits suspended in the broth, served in a white bowl with a dark rim on a white tablecloth.",2025-03-30 10:32,29.957862,-90.065689,New Orleans,Louisiana,United States
2025-03-30,Vladimir Korshin,Little Pig,Tomkhagai,More of that TomKhaGai from Little Pig. Continues to be delicious,Continues to be delicious.,8.3,https://drive.google.com/file/d/13gYdnnZPs7DoY9WhnDDOR6IjplD9OyMw/view?usp=sharing,"Creamy, pale coconut soup in a dark bowl with a metal spoon, with chunks of chicken and a few scallion slices visible on the surface, set on a folded paper towel on a wooden table; a hand rests beside the bowl.",2025-03-28 19:50,43.685855,-70.487587,Portland,Maine,United States
2025-04-06,Vladimir Korshin,Vladimir's Home,Homemade Chicken Pho,"Johanna's home made chicken pho, Gorham Maine. 7.75 - Rich, balanced, delicate. A couple additional spices or flavors could take it to the next level","Rich, balanced, delicate. A couple additional spices or flavors could take it to the next level.",7.75,https://drive.google.com/file/d/1K4vj-fRpCIyzNO8GNLbhKrLNpnlX5t8n/view?usp=sharing,"A patterned blue-and-white bowl of homemade chicken pho with wide rice noodles, pieces of chicken, and herbs sits in a clear broth; a spoon rests in the bowl as it’s held near a window.",2025-04-06 09:33,43.685842,-70.487555,Gorham,Maine,United States
2025-04-07,Drew Edmond,Opa!,Avgolemono Soup,"Avgolemono — Opa!, San Jose, CA. 7.5. Great soup!",Great soup!,7.5,https://drive.google.com/file/d/1HsY-APezMOfFIel9M5fJ7dLmuuX8BiDX/view?usp=sharing,"A bowl of creamy pale-yellow avgolemono soup sits on a white plate on a wooden table, garnished with cracked black pepper, a drizzle of olive oil, and a sprig of fresh dill; a spoon rests on the plate beside a folded napkin.",2025-04-07 19:18,37.286858,-121.944778,San Jose,California,United States
2025-04-10,Vladimir Korshin,Oishi Japanese Restaurant,Hibachi Clear Soup,Hibachi Clear Soup. Oishi Japanese Restaurant- Portland. 8 - Simple but deeply savory and enjoyable,Simple but deeply savory and enjoyable.,8,https://drive.google.com/file/d/1aW6lNM08Hofn80m4bBOjBSGu4LTEyRnC/view?usp=sharing,A clear brown broth in a plastic takeout container sits on a dark granite countertop with a lemon slice floating on top.,2025-04-10 18:34,43.685855,-70.487587,South Portland,Maine,United States
2025-04-11,Drew Edmond,Slainte,Guinness Beef Stew,Do stews make the cut? Guinness Beef Stew. Slainte. Lake Peekskill. 8.0,Do stews make the cut?,8,https://drive.google.com/file/d/1xfDclyNE9cABib6cL5tuv7ngAe1hmDL0/view?usp=sharing,"In a dimly lit pub, a bowl of dark Guinness beef stew with potatoes and peas is topped with piped swirls of mashed potatoes and chopped scallions; it sits on a bar counter beside a pint of dark beer, with a backlit liquor shelf and a menu in the background.",2025-04-11 19:45,41.290178,-73.920417,Lake Peekskill,New York,United States
2025-04-21,Vladimir Korshin,Vladimir's Home,Chicken & Lentil Stew,"Well gentlemen I did it, I made an absolutely inedible stew / slop and I would score it a 1 out of 10. In the spirit of not throwing away food I was trying rescue an already sub-par week old chicken and lentil dish. I added some parm, soy sauce, and chicken stock. The end result was an unsettling mixture of bitter, bland and gamey, with challenging textures from the wet old chicken skin and dry old lentils. I managed to get a few spoonfuls down but my brain was sending strongly repulsive signals. The rest is going in the trash. It was really very bad. It tasted considerably worse than it looks. The few flavors it had were going out of their way to clash.","Well gentlemen I did it, I made an absolutely inedible stew / slop and I would score it a 1 out of 10. In the spirit of not throwing away food I was trying rescue an already sub-par week old chicken and lentil dish. I added some parm, soy sauce, and chicken stock. The end result was an unsettling mixture of bitter, bland and gamey, with challenging textures from the wet old chicken skin and dry old lentils. I managed to get a few spoonfuls down but my brain was sending strongly repulsive signals. The rest is going in the trash. It was really very bad. It tasted considerably worse than it looks. The few flavors it had were going out of their way to clash.",1,https://drive.google.com/file/d/166rAUmfZyYc1dY2xN6To7vGOOhmWL1VF/view?usp=sharing,"A dark bowl holding a thick, grey-brown homemade chicken-and-lentil stew/slop with visible chunks, set on a wooden kitchen counter.",2025-04-21 12:01,43.685883,-70.487656,Gorham,Maine,United States
2025-04-27,Brendan Incorvaia,Carillo-Steinrueck Residence,Homemade Chorizo Veggie Soup,"Chorizo veggie soup, home made at the Carillo-Steinrueck residence, Santa Rosa, CA. 7.8. Almost a chilli, not packed with flavor, but served after 6 hours working in the rain to pour foundation and raise walls for a shed. Satisfying as all fuck","Almost a chilli, not packed with flavor, but served after 6 hours working in the rain to pour foundation and raise walls for a shed. Satisfying as all fuck.",7.8,https://drive.google.com/file/d/1knxGk3qhx2jHc28wKjCv7tECZD-y8Zj3/view?usp=sharing,"A light-blue bowl of red chorizo-and-vegetable soup or chili-like stew with beans and vegetables, with a spoon in the bowl.",2025-04-26 17:34,38.447113,-122.714674,Santa Rosa,California,United States
2025-04-27,Vladimir Korshin,Nan Xiang,Seaweed Dumpling Soup,Ilya and I got this Seaweed Dumpling soup earlier today at Nan Xiang in Manhattan. Ilya gave it a 6.5 but it was an 8 for me. I've got the hots for seaweed.,Ilya gave it a 6.5 but it was an 8 for me. I've got the hots for seaweed.,8,https://drive.google.com/file/d/1POkgcglqkcXwkUHPngGEOFEEqxFjMFdm/view?usp=sharing,"A large bowl of clear broth with dumplings, seaweed, and sliced scallions on a wooden table with small dishes and tea cups.",2025-04-26 12:31,40.748467,-73.986328,New York,New York,United States
2025-05-01,Vladimir Korshin,Shearwater,Turkey Soup,I ate the Turkey Soup at Shearwater in York Maine. It was kinda good like a chicken pot pie but also tasted canned Progresso canned soup. 5.5,It was kinda good like a chicken pot pie but also tasted like canned Progresso soup.,5.5,https://drive.google.com/file/d/1ZnGXGTynPJDGcmb7vbATxzOj9uhvhExi/view?usp=sharing,A child eats a bowl of turkey soup at a restaurant table by large windows overlooking water and a lawn; a dinosaur drawing and crayons sit on the table.,2025-05-01 16:51,43.131186,-70.63852,York,Maine,United States
2025-05-01,Drew Edmond,Farm,Potato Leek Soup,"Potato Leek Soup. Farm. Palm Springs, CA. Lost sense of smell and taste due to a rhinovirus. Appeared to have a lovely texture",Lost sense of smell and taste due to a rhinovirus. Appeared to have a lovely texture.,,https://drive.google.com/file/d/1fquLoZymUlc2nvQVRV4XNr7il8rZ2hJq/view?usp=sharing,"A wide white bowl of creamy pale potato-leek soup topped with croutons, chopped chives, and a few drops of olive oil on a restaurant table.",2025-04-29 22:36,33.822392,-116.546013,Palm Springs,California,United States
2025-05-10,David Schönstein,Romanelli's on the Greene,Tomato Tortellini Soup,"Hey Soupies. Tomato tortellini soup in Linwood, NJ — sweet, a little too sweet. 5.5","Sweet, a little too sweet.",5.5,https://drive.google.com/file/d/1LXMF_P_34QMB80t5UiN-uA8-XPJCC209/view?usp=sharing,"A small white bowl of red tomato-based tortellini soup with a spoon resting across the rim, served on a saucer with packets of saltine crackers on a dark table; utensils and a diner's sleeve visible.",2025-05-10 12:40,39.358886,-74.566064,Linwood,New Jersey,United States
2025-05-10,David Schönstein,Romanelli's on the Greene,Wedding Soup,"Hey Soupies. Wedding Soup (round 2, much better) in Linwood, NJ. 6.5","Round 2, much better.",6.5,https://drive.google.com/file/d/1MwT_acUU9TckLcv__YEoT4nbdxyAXAll/view?usp=sharing,"A white bowl of pale green, brothy wedding soup with diced carrots and leafy greens, served on a saucer with packets of saltine crackers on a dark table; utensils and a water glass nearby.",2025-05-10 12:38,39.358922,-74.566094,Linwood,New Jersey,United States
2025-05-14,Brendan Incorvaia,Dumpling Story,Egg Flower Seaweed Soup,Egg flower seaweed soup - Dumpling Story - San Francisco: 8.0. Subtly flavored with umami to spare. Eggs perfectly flowered. Natural 7.0. 10x for company.,Subtly flavored with umami to spare. Eggs perfectly flowered. 10x for company.,8,https://drive.google.com/file/d/18ldTxQkhdft0yIAwUasKLqnd1YzeevaH/view?usp=sharing,"A smiling diner holds a small white bowl of egg flower seaweed soup—pale broth with ribbons of egg, dark seaweed, and green scallion—at a wooden table, with another bowl of the same soup and the street visible through the window behind.",2025-05-14 20:16,37.761909,-122.421884,San Francisco,California,United States
2025-05-16,Drew Edmond,Qatar Airways,Roasted Corn And Jalapeño Soup,"Roasted Corn and Jalapeño Soup, Qatar Airways, somewhere over the Atlantic. 7.6. Quite a lovely soup.",Quite a lovely soup.,7.6,https://drive.google.com/file/d/1rzCIzsDgsqkFw2-S_S8lEhw0o1nfNmZe/view?usp=sharing,"A bowl of bright yellow roasted corn soup topped with a small dollop of cream and a drizzle of oil, served with a slice of bread on a white tablecloth in an airline cabin; a movie plays on the seatback screen.",2025-05-16 14:46,39.932486,-40.990229,Atlantic Ocean,Unknown,Unknown
2025-05-18,Vladimir Korshin,Pho le,Pho Ga,Pho Ga from Pho Le in El Cerrito. Excellent chicken pho. No notes. 8.2,Excellent chicken pho. No notes.,8.2,https://drive.google.com/file/d/1uqgzHGzsPTWk7wqagASjHOY8-lhyHrnh/view?usp=sharing,"A large white bowl of chicken pho with clear broth, sliced chicken, onion, and scallions, with a black soup spoon resting in the bowl on a wooden table.",2025-05-17 19:04,37.880531,-122.295831,El Cerrito,California,United States
2025-05-20,Drew Edmond,The Alcove,Spicy Crab Soup,"Don't cry over spilled soup. Spicy Crab Soup. 7.8. The Alcove. Dar Es Salaam, Tanzania. Basically egg drop soup with crab meat and black pepper. Very good for mouth.",Don't cry over spilled soup. Basically egg drop soup with crab meat and black pepper. Very good for mouth.,7.8,https://drive.google.com/file/d/1GjDPidEdGgDKYiGx5bxuampZRHuDkBs3/view?usp=sharing,"A small white ramekin of thick, greenish egg-drop style soup with herbs, shown on a saucer with some soup spilled onto a napkin.",2025-05-20 20:31,-6.739433,39.284261,Dar Es Salaam,Unknown,Tanzania
2025-05-21,David Schönstein,Tasty Hand-Pulled Noodles,Beef Broth Tofu Noodle Soup,"NYC Chinatown Tasty Hand Pulled Noodle stop on the way to green card interview. Beef broth tofu noodle soup, classic, 6.5. Not as good as the knife cut noodles, which are an 8 at least","NYC Chinatown stop on the way to green card interview. Classic. Not as good as the knife cut noodles, which are an 8 at least.",6.5,https://drive.google.com/file/d/1bonAn4TsbqEvY8QXszbMUeZShdrjwDwd/view?usp=sharing,"A red-rimmed bowl of beef-broth noodle soup topped with golden tofu puffs and greens on an outdoor Chinatown table, with the Chinatown post office building in the background.",2025-05-20 17:06,40.714333,-73.997872,New York,New York,United States
2025-05-23,Vladimir Korshin,Oishi,Seafood Soup,"Seafood Soup - Oishi - Scarborough, ME. 7.25 - Soothing, not at all fishy; broth flavor was quite savory but one dimensional.","Soothing, not at all fishy; broth flavor was quite savory but one dimensional.",7.25,https://drive.google.com/file/d/1q8-nsWcDgeDK0HiV6kpxlrHW-xgCQl7v/view?usp=sharing,"A red bowl of clear seafood soup with wisps of egg and sliced scallions, served on a white plate over a folded napkin.",2025-05-21 19:07,43.589078,-70.343217,Scarborough,Maine,United States
2025-05-24,Drew Edmond,Radisson Blu Arboretum,Pumpkin Sage Soup,Pumpkin Sage Soup. 4.0. Radisson Blu Arboretum in Nairobi. It tastes like neither pumpkin nor sage nor anything good,It tastes like neither pumpkin nor sage nor anything good.,4,https://drive.google.com/file/d/1x86I6Y1fSkBBbiBLB40GGotXqMiy-tGL/view?usp=sharing,"A grey bowl of smooth, yellow pumpkin-colored soup dusted with a warm brown spice, served on a dark plate beside water with a lime wedge in a dim hotel dining setting.",2025-05-24 14:26,-1.278195,36.804547,Nairobi,Unknown,Kenya
2025-05-24,Vladimir Korshin,New England Fishmongers,Clam Chowder,Clam Chowder – New England Fishmongers – Kittery Maine. 6.75. Good but not great chowder among otherwise delicious seafood. The broth had a nice zesty/ savory thing going on but hardly any clams or clam favor.,Good but not great chowder among otherwise delicious seafood. The broth had a nice zesty/savory thing going on but hardly any clams or clam flavor.,6.75,https://drive.google.com/file/d/16sr3BFd6Z4jEPppqw1jrqX6uDnLU7nV_/view?usp=sharing,"A white paper cup filled with creamy clam chowder sits on a white plate, with chunks of potato visible and a saltine cracker wrapper nearby on a worn wooden tabletop.",2025-05-24 15:47,43.090492,-70.749253,Kittery,Maine,United States
2025-05-24,Rick Fulton,Perilla,Five Spice Chicken Pho,"Five spice chicken pho - Perilla - San Francisco: 7.0. All five spices are ringing in my mouth as I type. This is definitely what the doctor ordered today, or rather, what I ordered. The broth is delightful; simultaneously thin but rich.","All five spices are ringing in my mouth as I type. This is definitely what the doctor ordered today, or rather, what I ordered. The broth is delightful; simultaneously thin but rich.",7,https://drive.google.com/file/d/1CLB1NNTFmW-skqOs3xobtVFXVdpxqQoD/view?usp=sharing,"A white bowl of five-spice chicken pho with thin rice noodles, green chilies, scallions, and a light amber broth on a wooden table; a white spoon rests in the bowl.",2025-05-24 18:37,37.749875,-122.442437,San Francisco,California,United States
2025-06-17,Vladimir Korshin,Bob Lobster,Clam Chowder,"Clam Chowder. Bob Lobster - Plum Island MA. 7 - Solid and fresh, a bit much cream","Solid and fresh, a bit much cream.",7,https://drive.google.com/file/d/15XQ_Ul7SG2Z3eDZFEYuP7JO_PwdGzW9i/view?usp=sharing,"A white paper cup of creamy clam chowder with a black spoon sits on an outdoor picnic table, with fried seafood in a checkered basket and a child in a green hoodie in the background under a blue sky.",2025-06-16 15:33,42.797067,-70.831908,Plum Island,Massachusetts,United States
2025-06-19,Rick Fulton,Mandarin Oriental,Wonton Soup,"Wonton Soup. Mandarin Oriental - New York, NY. 8 - Best wonton soup I’ve ever had. Too busy eating it to describe it.",Best wonton soup I've ever had. Too busy eating it to describe it.,8,https://drive.google.com/file/d/1Ec94UsDT7wdgCCHySwgesnhzDuLIQLKr/view?usp=sharing,"A large white bowl of wonton noodle soup in a dark broth with thin noodles, leafy greens, and a slice of beef, served with chili crisp and a spoon...",2025-06-19 22:33,40.768867,-73.983047,New York,New York,United States
2025-07-03,Vladimir Korshin,Sopo Seafood,Whitefish Chowder,Whitefish chowder. SoPo Seafood - South Portland. 7? - I was kind of high and out of it but it tasted savory and reasonably good.,I was kind of high and out of it but it tasted savory and reasonably good.,7,https://drive.google.com/file/d/1YImOdxf2xk86Q3fA3qDHZzVZnrM0zc9H/view?usp=sharing,"A small white bowl of thick, creamy whitefish chowder sits on a plate with a spoon in it, on a table set with drinks and seafood dishes.",2025-07-02 18:53,43.636417,-70.25267,South Portland,Maine,United States
2025-07-03,Drew Edmond,"The Stanley Hotel  (The Shining, Dumb and Dumber)",Tomato Basil Bisque,"Tomato Basil Bisque. The Stanley Hotel, (The Shining, Dumb and Dumber) - Estes Park, Colorado. 7.1. Decent flavor, quite heavy on the cream, I finished every drop","Decent flavor, quite heavy on the cream, I finished every drop.",7.1,https://drive.google.com/file/d/1mfMaoxMkSExl6JDVlpf_aXK7SstatBe5/view?usp=sharing,"A bright tomato basil bisque served in a wide shallow white bowl with a swirled cream drizzle and a tuft of green garnish, accompanied by two slices of toasted bread. Set on a wooden restaurant table with drinks and a salad plate in the background.",2025-07-01 20:58,40.38293,-105.519255,Estes Park,Colorado,United States
2025-08-11,David Schönstein,Fidden Farm,Butternut Squash & Chilli,"Butternut squash & chilli. 3.5 (but 7 with location). Fidden Farm. Isle of Mull, Scotland",3.5 (but 7 with location).,3.5,https://drive.google.com/file/d/1sCdIgwWrAEC34_R1lW3PZ9CaHNlg3zeE/view?usp=sharing,"A BOL-branded cup of butternut squash & chilli soup perched on a wooden fence post, overlooking grassy dunes and a rocky shoreline with small islands under a grey sky.",2025-08-11 15:14,56.30683,-6.36648,Fionnphort,Scotland,United Kingdom
2025-08-11,Drew Edmond,The Witchery,Shellfish Bisque,"Shellfish Bisque. 7.8. The Witchery. Edinburgh, Scotland",None,7.8,https://drive.google.com/file/d/1z4IMQ0mtMmZi5s8_jKoKNzIFuJA3Wwlv/view?usp=sharing,"Shellfish bisque in a copper pot topped with shredded garnish, served with bread and sauces on a white tablecloth; cocktails and water glasses on the table.",2025-08-11 14:39,55.948538,-3.195508,Edinburgh,Scotland,United Kingdom
2025-08-27,Vladimir Korshin,Lucky Thai,Unnamed Free Broth,"Unnamed free broth that came with lunch at Lucky Thai in Gorham, ME (don’t ask why we are back there today). Simple, light, salty, pretty yummy: 6.25","Simple, light, salty, pretty yummy (don’t ask why we are back there today).",6.25,https://drive.google.com/file/d/1FAQls2P4WndHiYdF02KMLUEAmgcGmnmi/view?usp=sharing,"A child leans over a small white bowl of clear broth, sipping from a spoon at a restaurant table; a water glass with ice sits beside it.",2025-08-27 13:11,43.689878,-70.398895,Gorham,Maine,United States
2025-09-04,Vladimir Korshin,Matsutake Sushi (Reagan National Airport),Tonkatsu Ramen,"Tonkatsu Ramen from MATSUTAKE SUSHI at Reagan International in DC. 6.5 - not at all bad for airport ramen, ate the whole thing, sat well, but lacking soul.","Not at all bad for airport ramen, ate the whole thing, sat well, but lacking soul.",6.5,https://drive.google.com/file/d/1wiEJ8gdoYmLhAygremJex3p_NyCd9CvU/view?usp=sharing,"A bowl of tonkotsu ramen with cloudy broth, noodles, half egg, bean sprouts, scallions, narutomaki, and a slice of pork on a wooden table.",2025-09-01 17:03,38.853837,-77.043044,Arlington,Virginia,United States
2025-09-04,Vladimir Korshin,The Inn on Peaks Island,Clam Chowder,Clam Chowder - The Inn on Peaks Island. 7 - I was ready to not like it because it is that only restaurant open on the island after Labor Day and because the waiter gave off the incompetence vibes. At first it tasted a bit thin but the more I ate the more I liked it. I could happily finish off a 2nd bowl. The little bits of fresh bacon were a nice touch.,I was ready to not like it because it is the only restaurant open on the island after Labor Day and because the waiter gave off incompetence vibes. At first it tasted a bit thin but the more I ate the more I liked it. I could happily finish off a 2nd bowl. The little bits of fresh bacon were a nice touch.,7,https://drive.google.com/file/d/1TugA33xp8CavXYjvEBSXsquAvkUnk7MJ/view?usp=sharing,"A handled white bowl of creamy clam chowder on a white plate, served with a packet of oyster crackers. On the table behind it are a pepper grinder, hot sauce, and ketchup on an outdoor patio-style surface.",2025-09-04 14:58,43.6553,-70.197678,Peaks Island,Maine,United States
2025-09-05,Vladimir Korshin,Vladimir's Home,Beef Stew (Leftovers),"All that was left of a nice beef stew Jo made by the time I had remembered to take a pic. 7.5 - hearty, savory, well balanced. A very good soup.","All that was left of a nice beef stew Jo made by the time I had remembered to take a pic. Hearty, savory, well balanced. A very good soup.",7.5,https://drive.google.com/file/d/12zWCI8JbyNR3jW_o9OtAb27LD5IoB7_E/view?usp=sharing,"A shallow white bowl with leftover beef stew—chunks of beef, mushrooms, potatoes, and greens in a light brown broth.",2025-09-05 12:38,43.649128,-70.266463,Portland,Maine,United States
2025-10-25,Vladimir Korshin,Vladimir's Home,Fish & Goulash Soup (Canned),5.5 - salty and thin with just enough fish and goulash to keep it interesting. Doesn't taste or smell overly fishy but leaving the skin on the fish makes for some odd textures. Better than expected but unlikely to unseat more popular canned soups,Salty and thin with just enough fish and goulash to keep it interesting. Doesn't taste or smell overly fishy but leaving the skin on the fish makes for some odd textures. Better than expected but unlikely to unseat more popular canned soups.,5.5,https://drive.google.com/file/d/18LFwfNVtW9HZIHgBa8Ha9GYG-MWnxwLE/view?usp=sharing,"A bowl of reddish-brown broth with a chunk of potato and a piece of fish resting on a spoon, set on a blue-green plaid tablecloth.",2025-10-25 13:18,43.638683,-70.232178,South Portland,Maine,United States
2025-11-15,Rick Fulton,Shanghai Dumpling King,Hot And Sour Soup,"Hot and Sour Soup from Shanghai Dumpling King - 5.0. It looks great and is tasty, but not hot enough and not sour enough. I'd call it just soup.","It looks great and is tasty, but not hot enough and not sour enough. I'd call it just soup.",5,https://drive.google.com/file/d/15-Eh_Ofly_kndjKWtD3mKF1dM1WlELqy/view?usp=sharing,A white bowl of reddish hot-and-sour soup with tofu cubes and scallions on a rustic wooden table; candles and jars in the background.,2025-11-15 17:39,37.7499,-122.442305,San Francisco,California,United States
2025-11-15,Vladimir Korshin,Hot Suppa,Shrimp & Corn Chowder (Southern Style),"Shrimp & corn chowder (southern style) — Hot Suppa, Portland ME. 7.75 — perfectly cooked shrimp, nicely spiced, made with care. It was very good but was missing that je ne sais quoi that makes a soup outstanding.","Perfectly cooked shrimp, nicely spiced, made with care. It was very good but was missing that je ne sais quoi that makes a soup outstanding.",7.75,https://drive.google.com/file/d/1MjvFe2YITqlO6XRSecI2EeZ2MGXxgjWF/view?usp=sharing,"Shrimp-and-corn chowder in a wide white-rimmed bowl topped with scallions, with shrimp and vegetables visible in the broth; on a wooden table at a casual diner, with a red squeeze bottle centered and a child eating in the background.",2025-11-11 13:36,43.653038,-70.268403,Portland,Maine,United States
2025-11-15,Drew Edmond,Islenski Barinn,Seafood Soup,"Seafood Soup. Islenski barinn. Reykjavik, Iceland. 7.8. Kind of a broccoli cheddar with a hint of curry plus fish. I have never had a soup quite like it. Was a nice palate usurper after the fermented shark.",Kind of a broccoli cheddar with a hint of curry plus fish. I have never had a soup quite like it. Was a nice palate usurper after the fermented shark.,7.8,https://drive.google.com/file/d/1tAlxrjpKzrf8bEv7CbYsA5OwKetvXtUF/view?usp=sharing,"Creamy orange seafood soup in a small cast-iron pot, topped with a swirl of cream and herbs, served on a wooden board with bread, butter, and a sandwich at a candlelit table with a beer.",2025-11-15 17:29,64.146958,-21.933287,Reykjavik,Capital Region,Iceland
2025-11-17,Drew Edmond,Hotel Ranga,Wild Mushroom Soup,Wild Mushroom Soup. Hotel Ranga. 8.1. Sublime fungus,Sublime fungus.,8.1,https://drive.google.com/file/d/16KZeZesHKM25xeS5z7JbyFEq5NC4UX4D/view?usp=sharing,"A shallow black bowl filled with a creamy beige mushroom soup, finished with a swirl of green herb oil. It’s set on a white tablecloth at a restaurant table with drinks, cutlery, and another bowl visible in the background.",2025-11-17 13:47,63.780167,-20.301128,Hella,Unknown,Iceland
2025-11-21,David Schönstein,David's Home,Fennel Lentil Soup,Alright alright if you like fennel like me this one is for you. Sweet and substantial with the lentils. Very strong fennel taste. Good with bread as suggested. 8.3 easy,Alright alright if you like fennel like me this one is for you. Sweet and substantial with the lentils. Very strong fennel taste. Good with bread as suggested.,8.3,https://drive.google.com/file/d/1jxgZ4EgPFDwLVsluqlqBkxMiMx7qSvXB/view?usp=sharing,"A white bowl of thick lentil soup topped with a dollop of yogurt and sprinkled with chili flakes, set on a blue-and-white patterned tablecloth.",2025-11-21 18:15,39.293908,-74.556862,Ocean City,New Jersey,United States
2025-11-24,David Schönstein,Wawa,Wawa Chicken Soup,Wawa chicken soup to beat a cold.,To beat a cold.,6,https://drive.google.com/file/d/1byt8Bb1SomWL-I-snizn5mAPjY126yBR/view?usp=sharing,"A white bowl of chicken noodle soup with eggy broth, scallions, and wontons/noodles, held over a cloth with a couch in the background.",2025-11-24 18:19,39.293912,-74.556922,Ocean City,New Jersey,United States
2025-11-25,Ilya Kiselev,Ilya's Home,Homemade Egg Drop Wonton Soup,Homemade egg drop wonton soup. Quite good! 8.1,Quite good!,8.1,https://drive.google.com/file/d/1IauOXAOebUGoQcuGycO8lvrjm7tuMCzW/view?usp=sharing,"A white bowl of egg drop wonton soup with scallions, tofu, and wontons in a light brown broth.",2025-11-24 13:31,40.783025,-73.976988,New York,New York,United States
2025-11-26,Drew Edmond,Rivié,Onion Soup,"Onion Soup. Rivié. Paris, France. 8.4. You Americans would call this French Onion Soup 🙄. Nice big crusty bread chunks, good cheese amount and flavor, onion soup had depth and great flavor. And yes, it really was just ""onion soup"" on the menu 😊","You Americans would call this French Onion Soup 🙄. Nice big crusty bread chunks, good cheese amount and flavor, onion soup had depth and great flavor. And yes, it really was just ""onion soup"" on the menu 😊",8.4,https://drive.google.com/file/d/1JdTX2P8yg1n-WoyKHRzCOU7AGNtOCpX2/view?usp=sharing,"A white ceramic crock of French onion soup topped with browned, crusty bread and melted cheese, served on a saucer on a marble tabletop beside a red drink and a small candle.",2025-11-26 14:07,48.870188,2.346705,Paris,Île-de-France,France
2025-11-27,Drew Edmond,Breakfast in America,Chestnut Soup,"Some sort of ""chestnut"" soup, as part of my French Thanksgiving meal. ""Breakfast in America"". Paris. 5.8. Quite mediocre!","Part of my French Thanksgiving meal. ""Breakfast in America"". Quite mediocre!",5.8,https://drive.google.com/file/d/1h3kJGQSx6hw3cpe8TAajkLhGnr3SsXTd/view?usp=sharing,"A shallow white bowl of pale brown chestnut soup with small patches of foam/cream and cracked pepper, set on an orange placemat at a café table with water glasses and a red chair in the background.",2025-11-27 12:30,48.847947,2.351233,Paris,Île-de-France,France
2025-11-30,David Schönstein,Tuckahoe Inn,Clam Chowder,"Clam Chowder. It's the best I could do. Local joint called Tuckahoe Inn in South Jersey. Standard flavours, a few tasty clams. Nothing special.","It's the best I could do. Standard flavours, a few tasty clams. Nothing special.",6.2,https://drive.google.com/file/d/1HpmNj0kE0XldC56ouSvpNPyMINkV69lH/view?usp=sharing,"A small bowl of pale, creamy clam chowder on a saucer with a spoon and a packet of Zesta crackers, set on a white tablecloth with a child seated at the table in the background.",2025-11-28 17:25,39.287556,-74.628342,Marmora,New Jersey,United States
2025-12-06,Brendan Incorvaia,Lonchería Melly,Pozole Rojo,"Pozole Rojo from Lonchería Melly, CDMX. Well rounded, flavorful broth with a savory tomato-umami quality. 7.0.","Well rounded, flavorful broth with a savory tomato-umami quality.",7,https://drive.google.com/file/d/1XeusrOdZkUXNCWAywrRM1v5uxMu5aGFT/view?usp=sharing,"An earthenware bowl of red pozole topped with shredded cabbage and onion, with radish, lime wedges, and tostadas arranged on the table.",2025-12-06 00:00,19.414488,-99.162967,Mexico City,Ciudad de México,Mexico
2025-12-06,Brendan Incorvaia,Lonchería Melly,Pozole Verde,"Pozole Verde from Lonchería Melly, CDMX. Well rounded, flavorful broth with a complex, slow-building heat. 7.5.","Well rounded, flavorful broth with a complex, slow-building heat.",7.5,https://drive.google.com/file/d/1XeusrOdZkUXNCWAywrRM1v5uxMu5aGFT/view?usp=sharing,"An earthenware bowl of green pozole topped with shredded cabbage and onion, with radish, lime wedges, and tostadas arranged on the table.",2025-12-06 00:00,19.414488,-99.162967,Mexico City,Ciudad de México,Mexico
2025-12-06,Ilya Kiselev,Ilya's Home,Avgolemono,Sorry I forgot to respond drew. I don't think I got any photos of the French onion soup. However I did make Avgolemono this week.,Sorry I forgot to respond drew. I don't think I got any photos of the French onion soup. However I did make this week.,,https://drive.google.com/file/d/1LdPBct_QflwSo9EmKrNms3qkaq3MK0Eo/view?usp=sharing,"A white bowl of pale yellow avgolemono soup with shredded chicken and small bits of pasta or rice, served with a piece of toasted bread leaning over the rim on a wooden surface.",2025-12-06 19:56,40.81,-73.95,New York,New York,United States
2025-12-11,Vladimir Korshin,Antojitos Mexicanos,Sopa De Res,"On Tuesday evening I had a Sopa de Res that looked exactly like this at Antojitos Mexicanos in Annapolis. It was enjoyable, but not quite as good as it looked. Made with love but a bit too salty and not all that flavorful. Solid 6.","It was enjoyable, but not quite as good as it looked. Made with love but a bit too salty and not all that flavorful.",6,https://drive.google.com/file/d/1vsPVFqMQ16WpJqEbHz15VvG55BrREyyX/view?usp=sharing,"A hearty bowl of beef soup with chunks of meat and vegetables in a clear broth, garnished with herbs and served with a lime wedge on the side.",,38.983346,-76.534036,Annapolis,Maryland,United States
2025-12-11,Brendan Incorvaia,Brendan's Home,Creamy Mushroom Soup,"Creamy mushroom soup. With chanterelles, poblano peppers, and stock made from Thanksgiving turkey. Served with pea shoots and yogurt. Spicy, savory, mushrumami. 7.75. Could use more peppers next time.","With chanterelles, poblano peppers, and stock made from Thanksgiving turkey. Served with pea shoots and yogurt. Spicy, savory, mushrumami. Could use more peppers next time.",7.75,https://drive.google.com/file/d/14e-CFzFSKQhd6MSe3MJW0HOq6ew0eBjj/view?usp=sharing,"A wide bowl of creamy tan mushroom soup topped with a dollop of yogurt, a drizzle of olive oil, cracked pepper, and a pile of fresh pea shoots, with a spoon resting in the bowl.",2025-12-11 18:09,37.76105,-122.422594,San Francisco,California,United States
2025-12-12,Drew Edmond,Emirates Business Class,Mushroom Soup,Mushroom soup. Emirates business class. 5.3. Weak. Sad. Boring. Made me appreciate my recent soups.,Weak. Sad. Boring. Made me appreciate my recent soups.,5.3,https://drive.google.com/file/d/1xUVluvk5ZdTjNkaj3o6IbDFmtwAXiGx_/view?usp=sharing,"A shallow white bowl of puréed brown mushroom soup on an airplane tray, topped with two crisp breadsticks, with a glass of water and small side items nearby.",2025-12-12 17:18,,,Unknown,Unknown,Unknown
2025-12-12,Vladimir Korshin,Chick-Fil-A,Chicken Tortilla Soup,"Chicken Tortilla Soup (Seasonal) - Chick-Fil-A - Annapolis MD. Good. Much tastier than it looks. Nicely spiced. Rich, tangy, flavorful. Excellent chicken bites. 7.5, possibly higher.","Good. Much tastier than it looks. Nicely spiced. Rich, tangy, flavorful. Excellent chicken bites.",7.5,https://drive.google.com/file/d/1i8oTXLhf3t2yUde4qmMpjuerlzSLDz-m/view?usp=sharing,"A small takeout bowl of chicken tortilla soup with visible beans, corn, chicken pieces, and tortilla strips, served alongside a packet of tortilla strips and a spoon on a tray.",2025-12-12 21:18,38.980755,-76.53695,Annapolis,Maryland,United States
2025-12-13,David Schönstein,David's Home,Spiced Squash & Lentil Soup (Alison Roman),"Delicious squash soup. Same chef, Alison Roman. Sweet and a good amount of taste. 6.8","Delicious squash soup. Same chef, Alison Roman. Sweet and a good amount of taste.",6.8,https://drive.google.com/file/d/12NJkpVrFO8MYY6scKhp1QqxifOqoDODx/view?usp=sharing,"A white bowl of thick golden squash soup topped with dollops of yogurt or cream, chili flakes, and torn bread, with a spoon resting in the bowl on a patterned tablecloth.",2025-12-13 19:36,39.293892,-74.556938,Ocean City,New Jersey,United States
2025-12-13,Vladimir Korshin,Chick-Fil-A,Chicken Tortilla Soup,I went back to the Chick-Fil-A drive thru and got two more bowls of Tortilla Soup. I feel comfortable calling it delicious. 8,I went back and got two more bowls. I feel comfortable calling it delicious.,8,https://drive.google.com/file/d/1l4AzlvEs0DkqIPGKkhf5B6-IlC9-MNwS/view?usp=sharing,A hand holds a paper bowl of creamy tortilla soup topped with dark tortilla strips and shredded chicken inside a car at night.,2025-12-13 20:00,39.079956,-76.547613,Annapolis,Maryland,United States
2025-12-20,Drew Edmond,Drew's Home,Mushroom Soup,"I made this mushroom soup a couple of days ago. It was very basic, but pleasantly simple. A flat 6 on The Souper Scale.","I made this a couple of days ago. It was very basic, but pleasantly simple.",6,https://drive.google.com/file/d/1QxcFBQy7npvUarPp-1mh4jo27PKMkDza/view?usp=sharing,"A large pot of creamy mushroom soup on a wooden countertop, with olive oil drizzled across the surface.",2025-12-14 17:26,41.342953,-73.879739,Carmel,New York,United States
2025-12-20,Drew Edmond,Pho 6,Pho 6 Special,Pho 6 Special. 7.5. Always hits the spot. They should change their name to Pho 7.5.,Always hits the spot. They should change their name to Pho 7.5.,7.5,https://drive.google.com/file/d/1yfRjd3brMbBK-e6-wO4IdO2mGE7kh-0v/view?usp=sharing,"A large bowl of pho with clear broth, sliced beef, onions, and fresh herbs, topped with a pool of red chili sauce and scattered sesame seeds, served on a wooden table.",2025-12-20 12:50,41.375758,-73.727195,Somers,New York,United States
2025-12-23,Rick Fulton,Unknown,Birds Nest Soup,Birds Nest Soup - 7. This is a classic Cantonese dish that tastes somewhat like egg drop soup but the gelatinous bit is edible bird nest. The bird nest is made from the saliva of the bird,This is a classic Cantonese dish that tastes somewhat like egg drop soup but the gelatinous bit is edible bird nest. The bird nest is made from the saliva of the bird.,7,https://drive.google.com/file/d/1XmILiywLgnU1fSM08OKK5nE0rAx5sOzD/view?usp=sharing,"A white porcelain bowl of pale broth with wispy egg ribbons, set on a saucer with a white spoon, on a glossy black table with chopsticks, dipping sauces, and tea cups in the background.",2025-12-23 23:43,25.033817,121.56485,Taipei,Taipei City,Taiwan
2025-12-23,Vladimir Korshin,Chick-Fil-A,Chicken Tortilla Soup,One final bowl of chicken tortilla soup leaving Annapolis on Friday. 7.5,One final bowl leaving Annapolis on Friday.,7.5,https://drive.google.com/file/d/1W2-EZ-aM_X6vGTnoV2yQjSlbrsiH673F/view?usp=sharing,A paper bowl of orange-brown chicken tortilla soup topped with blue and yellow tortilla strips on a black tray with Chick-fil-A packaging and a black plastic spoon.,2025-12-19 12:52,38.974592,-76.276397,Annapolis,Maryland,United States
2025-12-23,Rick Fulton,Unknown,Congee,Congee - 8. It's a traditional Cantonese rice soup with fish and fried dough and scallions. Very fresh and flavorful ingredients with limited extra spice added,It's a traditional Cantonese rice soup with fish and fried dough and scallions. Very fresh and flavorful ingredients with limited extra spice added.,8,https://drive.google.com/file/d/1YB0_cyTQkHnMNtbvPkT8VWjn3ErAQqwj/view?usp=sharing,"A blue-and-white patterned bowl of creamy rice congee topped with fried dough pieces and sliced scallions, set on a white plate on a glossy table.",2025-12-23 23:52,25.033817,121.56485,Taipei,Taipei City,Taiwan
2025-12-23,Vladimir Korshin,Nam's Pho,Brisket And Ribeye Pho,Nam's Pho in Annapolis (from Thursday). Brisket and ribeye pho. Idk if I've ever had better. 8.25.,Idk if I've ever had better.,8.25,https://drive.google.com/file/d/1ZDx9NpoAeaXj34ufj-lBkL3BNBEC93Gn/view?usp=sharing,"A bowl of beef pho with brisket and ribeye slices in a clear brown broth, topped with thin white onions and fresh cilantro; a side plate in the background holds bean sprouts, basil, jalapeños, and lime.",2025-12-18 19:35,38.964822,-76.488922,Annapolis,Maryland,United States
2025-12-23,Vladimir Korshin,Little Pig,Tom Kha,Tom Kha. Little Pig - Portland. This is also a repeat but it remains my favorite Tom Kha. You’ll have to try it next time you’re in town. 8.25,This is also a repeat but it remains my favorite Tom Kha. You'll have to try it next time you're in town.,8.25,https://drive.google.com/file/d/14RtMTyIrKjPQ8wxl8GODmuIgRdve5MO5/view?usp=sharing,"A top-down view of a tan paper takeout bowl filled with creamy pale soup, topped with sliced scallions and chunks of chicken or mushroom, sitting on a countertop beside takeout boxes.",2025-12-21 18:13,43.638683,-70.232147,Portland,Maine,United States
2025-12-24,Rick Fulton,Unknown,Salty Soy Milk Soup,"Salty soy milk soup - 7. Creamy, nutty, umami flavors with a hint of brine.","Creamy, nutty, umami flavors with a hint of brine.",7,https://drive.google.com/file/d/1d_ol-myAoEGlyvls6Jk2bEhnfFs83O9Y/view?usp=sharing,"White bowl of creamy soy milk soup topped with a dusting of powder and green herbs, served with a plastic spoon on a red tray.",2025-12-24 02:39,25.050242,121.519813,Taipei,Taipei City,Taiwan
2025-12-28,David Schönstein,David's Home,Potato And Leek Soup With Smoked Salmon,Alison Roman potato and leek with some smoked salmon (it called for trout). 6.4,Alison Roman recipe with some smoked salmon (it called for trout).,6.4,https://drive.google.com/file/d/1Y-dbTNIYWdRr6Dxx2zZA3I7sFi48APla/view?usp=sharing,"A white bowl of creamy potato-and-leek soup topped with a slab of smoked salmon, chopped scallions, and fresh dill, with a textured metal spoon resting in the bowl on a patterned tablecloth.",2025-12-19 19:09,39.293854,-74.556989,Ocean City,New Jersey,United States
2025-12-29,Rick Fulton,Unknown,French Onion Soup,French onion soup 5,None,5,https://drive.google.com/file/d/1fD4ZoNjB0PDK10WuWVe93A24oMDVBX7i/view?usp=sharing,"Crock of French onion soup topped with melted cheese and toasted bread slices, served on a black plate on a wooden table in a restaurant.",2025-12-29 15:59,43.657228,-70.253075,Portland,Maine,United States
2025-12-29,Vladimir Korshin,Bread and Friends,Cracked Farro Pork Belly Congee,Cracked Farro Pork Belly. Congee. Bread and Friends - Portland ME. 6.75 - Ingredients were individually well prepared and tasty but somehow less than the sum of its parts. White people congee.,Ingredients were individually well prepared and tasty but somehow less than the sum of its parts. White people congee.,6.75,https://drive.google.com/file/d/1ySuPhpmQXrRVEni3s_Py9n880cIOirdC/view?usp=sharing,"A pale pink bowl of thick congee topped with pieces of pork belly, leafy greens, fried shallots, sliced scallions, and a soft-boiled egg, served on a light wood table.",2025-12-28 12:50,43.655062,-70.256737,Portland,Maine,United States
2025-12-29,Brendan Incorvaia,Che Maman,French Onion Soup,"French onion soup, Che maman, San Francisco, 7.5. Deep and complex onion character.",Deep and complex onion character.,7.5,https://drive.google.com/file/d/14gHcrcKrsvFVdmf-p8tDBYuKm_zzOqwH/view?usp=sharing,"Crock of French onion soup topped with bubbly browned cheese, served on a white plate with a lace paper doily; a soup spoon rests on the plate, with water glasses and a wine glass on the wooden table.",2025-12-29 16:29,37.762396,-122.396791,San Francisco,California,United States
2025-12-31,Drew Edmond,Icchido Ramen,Red Curry Seafood Ramen,"Icchido Ramen – Red Curry Seafood Ramen – 5.7. It got the job done. But it was a bit much and unrefined. I would classify it as “chain restaurant ramen”, because it is.","It got the job done. But it was a bit much and unrefined. I would classify it as ""chain restaurant ramen"", because it is.",5.7,https://drive.google.com/file/d/1HtGToAzjrvOPt91TNc-3tMxL4CnV0Ulz/view?usp=sharing,"A bowl of red curry seafood ramen in orange broth with noodles, shrimp, minced meat, a soft egg, scallions, narutomaki, a lime wedge, and a sheet of nori on a casual table setting with water and napkins.",2025-12-31 12:18,41.595355,-73.910842,Poughkeepsie,New York,United States
2026-01-01,Vladimir Korshin,Primo,Swordfish And Breas Soup,Swordfish and Breas Soup. Primo - Rockland ME. 6.5 - fresh ingredients but the flavor was a bit generic and too tomato saucy,Fresh ingredients but the flavor was a bit generic and too tomato saucy.,6.5,https://drive.google.com/file/d/1LHvH_hZ9gFMLAxU5WH-9hQCFhigPT5vg/view?usp=sharing,"A wide white bowl of orange-red, tomato-forward seafood soup with large pieces of fish and a few pale chunks, garnished with herbs. It’s on a bar counter alongside a drink and water, with servers in white aprons and small plates in the background.",2026-01-01 13:37,44.089817,-69.110183,Rockland,Maine,United States